[null,{"name":"Support","permissions":"NONE","restriction":"1","_id":"hFeud","actions":[{"channel":"0","varName":"","message":"Support Team members have been notified and will private message you shortly.","storage":"0","varName2":"","name":"Send Message"},{"info":"1","find":"needs-support","storage":"2","varName":"Channel","name":"Find Channel"},{"channel":"6","varName":"Channel","message":"${member} needs support from a staff member","storage":"0","varName2":"","name":"Send Message"}]},{"name":"Hotline","permissions":"NONE","restriction":"1","_id":"EEAoA","actions":[{"channel":"0","varName":"","message":"A list of hotlines have been sent to you in dms.","storage":"0","varName2":"","name":"Send Message"},{"channel":"1","varName":"","message":"Suicide Prevention Number : 1-800-273-8255\nTrevor Text : Text START to 678678\nTrevor Chat : https://www.thetrevorproject.org/get-help-now/#services\nTrevor Lifeline : 1-866-488-7386\n","storage":"0","varName2":"","name":"Send Message"}]}]